
/*
*************************************************
Membre du groupe :
 => Moulahcene Djouher , NumEtu : 22014995
 => Ouamrane Lydia , NumEtu : 22115821
 => Arhainx Guillaume , NumEtu : 21911673
 => Poggi Sasha , NumEtu : 21904957
*/


/*
Création des relations 
*/

prompt "Création des relations"

CREATE TABLE GARE  (
	IDGARE VARCHAR (5),
	NOMGARE VARCHAR (50) NOT NULL,
	VILLEGARE VARCHAR (15),
	ADRESS VARCHAR (30),
	CONSTRAINT PK_GARE PRIMARY KEY  (IDGARE)
);

CREATE TABLE TRAINS (
	NUM_TRAINS VARCHAR (5),
	dateMiseEnServ DATE,
	CONSTRAINT PK_TRAINS PRIMARY KEY  (NUM_TRAINS)
);

CREATE TABLE VOYAGEUR  (
	NUM_VOYAGEUR VARCHAR (5),
	NOM VARCHAR (15) NOT NULL,
	PRENOM VARCHAR (15) NOT NULL,
	TEL  VARCHAR(10),
	DATE_NAI DATE,
	CONSTRAINT PK_VOYAGEUR PRIMARY KEY  (NUM_VOYAGEUR)
);


CREATE TABLE OBJET (
	NUM_OBJET VARCHAR (5),
	NATURE VARCHAR (15),
	PHOTO VARCHAR (20),
  ETAT_OBJET VARCHAR (15) CHECK ( ETAT_OBJET IN ('Trouve','Non trouve')),
	CONSTRAINT PK_OBJET PRIMARY KEY  (NUM_OBJET)
);

CREATE TABLE CHAUFFEUR (
  IDENTIFIANT_CHAUF VARCHAR (5),
  NOM_CHAUF VARCHAR (10),
  PRENOM_CHAUF VARCHAR (10),
  CONSTRAINT PK_CHAUFFEUR PRIMARY KEY  (IDENTIFIANT_CHAUF)
);

CREATE TABLE HORAIRE (
  HEURE_JOUR_DEP TIMESTAMP,
  CONSTRAINT PK_HORAIRE PRIMARY KEY  (HEURE_jOUR_DEP)
);

CREATE TABLE FAIT_UNE_DECLARATION_O  (
	NUM_OBJET VARCHAR (5),
	NUM_VOYAGEUR VARCHAR (5),
	DATE_D DATE,
	CONSTRAINT PK_FAIT_UNE_DECLAR PRIMARY KEY  (NUM_OBJET,NUM_VOYAGEUR,DATE_D),
	CONSTRAINT FK_FAIT_UNE_DECLAR_OBJET FOREIGN KEY  (NUM_OBJET) REFERENCES OBJET (NUM_OBJET) ON DELETE CASCADE,
	CONSTRAINT FK_FAIT_UNE_DECLAR_VOYAGEUR FOREIGN KEY  (NUM_VOYAGEUR) REFERENCES VOYAGEUR (NUM_VOYAGEUR) ON DELETE CASCADE
);



CREATE TABLE VOYAGE  (    
	NUM_VOYAGEUR VARCHAR (5),
	NUM_TRAINS VARCHAR (5),
	ID_GARE_Dep VARCHAR (5),
  ID_GARE_Arr VARCHAR (5),
	Horaire TIMESTAMP,
	CONSTRAINT PK_VOYAGE PRIMARY KEY  (NUM_VOYAGEUR,NUM_TRAINS,ID_GARE_Dep,ID_GARE_Arr,HORAIRE),
	CONSTRAINT FK_VOYAGE_VOYAGEUR FOREIGN KEY  (NUM_VOYAGEUR) REFERENCES VOYAGEUR (NUM_VOYAGEUR) ON DELETE CASCADE,
	CONSTRAINT FK_VOYAGE_TRAINS FOREIGN KEY  (NUM_TRAINS) REFERENCES TRAINS (NUM_TRAINS) ON DELETE CASCADE,
	CONSTRAINT FK_VOYAGE_GARE_Dep FOREIGN KEY  (ID_GARE_Dep) REFERENCES GARE (IDGARE) ON DELETE CASCADE,
  CONSTRAINT FK_VOYAGE_GARE_Arr FOREIGN KEY  (ID_GARE_Arr) REFERENCES GARE (IDGARE) ON DELETE CASCADE,
  CONSTRAINT FK_VOYAGE_HORAIRE FOREIGN KEY  (HORAIRE) REFERENCES HORAIRE (HEURE_JOUR_DEP) ON DELETE CASCADE
);

CREATE TABLE CONDUIT (
  NUM_TRAINS VARCHAR (5),
  IDENTIFIANT_CHAUF VARCHAR (5),
  DATE_CONDUIT TIMESTAMP,
  CONSTRAINT PK_CONDUIT PRIMARY KEY  (NUM_TRAINS,IDENTIFIANT_CHAUF,DATE_CONDUIT),
  CONSTRAINT FK_CONDUIT_TRAINS FOREIGN KEY  (NUM_TRAINS) REFERENCES TRAINS ON DELETE CASCADE,
  CONSTRAINT FK_CONDUIT_CHAUFFEUR FOREIGN KEY  (IDENTIFIANT_CHAUF) REFERENCES CHAUFFEUR ON DELETE CASCADE
);

 /*--------------------------------------------Trigger--------------------------------------------------------------------*/

/* Numero de telephone  = 10 chiffres */
  CREATE OR REPLACE TRIGGER controle_numeroTel
  BEFORE INSERT OR UPDATE ON VOYAGEUR
  FOR EACH ROW
  DECLARE 
  MESSAGE EXCEPTION;
  BEGIN
    IF (LENGTH(:NEW.TEL)<10)
    THEN RAISE MESSAGE;
    END IF;
  EXCEPTION
  WHEN MESSAGE THEN
  RAISE_APPLICATION_ERROR(-20324,'Veuillez resaisir le numero de telephone avec 10 chiffres');
  END;
  /


  /* Voyage : Gare Dep <> Gare Arr*/

  CREATE OR REPLACE TRIGGER GareDepArr
    BEFORE INSERT OR UPDATE ON VOYAGE
    FOR EACH ROW
    DECLARE
      MESSAGE EXCEPTION;
    BEGIN
      IF(:NEW.ID_GARE_Dep = :NEW.ID_GARE_Arr OR :OLD.ID_GARE_Dep = :NEW.ID_GARE_Arr OR :NEW.ID_GARE_Dep = :OLD.ID_GARE_Arr )
        THEN RAISE MESSAGE;
      END IF;
    EXCEPTION
      WHEN MESSAGE THEN 
          RAISE_APPLICATION_ERROR(-20325,'Gare de depart doit etre differente de la gare d''arrivee');
      END;
      /



 /*--------------------------------------------Procedure--------------------------------------------------------------------*/
/* Procédure pour updater l'état de tous les objets retrouvés pour un même voyageur */
CREATE OR REPLACE PROCEDURE obj_trouve(idvoy IN VOYAGEUR.NUM_VOYAGEUR%type,idDATE IN FAIT_UNE_DECLARATION_O.DATE_D%type) 
IS
CURSOR OBJET_T IS 
  SELECT * FROM FAIT_UNE_DECLARATION_O WHERE NUM_VOYAGEUR=idvoy and DATE_D=idDATE;
BEGIN
  FOR C1 IN OBJET_T LOOP
    UPDATE OBJET SET ETAT_OBJET='Trouve' WHERE NUM_OBJET=C1.NUM_OBJET;
  END LOOP;
END;
/
 /*--------------------------------------------Fonction--------------------------------------------------------------------*/

/* Fonction qui retourne le nombre d'objet perdu selon leur nature*/
CREATE OR REPLACE FUNCTION num_obj_t(nat IN OBJET.NATURE%type)
  RETURN NUMBER
  IS Somme NUMBER;
BEGIN
  SELECT COUNT(NUM_OBJET) INTO Somme FROM OBJET WHERE NATURE=nat;
  RETURN Somme;
END;
/

  /*--------------------------------------------Insertion des tuples ---------------------------------------------------------*/


  /*============================================================================
  ============ Remplissage de la table TRAINS =================================
  ============================================================================*/

  INSERT INTO TRAINS VALUES  ('10000','01/02/2000');
  INSERT INTO TRAINS VALUES  ('10101','02/11/1989');
  INSERT INTO TRAINS VALUES  ('10210','12/05/1956');
  INSERT INTO TRAINS VALUES  ('10321','18/10/2016');
  INSERT INTO TRAINS VALUES  ('10423','14/12/1960');
  INSERT INTO TRAINS VALUES  ('10245','15/06/2003');
  INSERT INTO TRAINS VALUES  ('10478','17/01/2015');
  INSERT INTO TRAINS VALUES  ('10565','23/08/1993');
  INSERT INTO TRAINS VALUES  ('10566','20/01/1990');
  INSERT INTO TRAINS VALUES  ('10567','02/07/1997');


  /*============================================================================
  ============ Remplissage de la table VOYAGEUR  =============================
  ============================================================================*/


  INSERT INTO VOYAGEUR  (NUM_VOYAGEUR,NOM,PRENOM,TEL,DATE_NAI) VALUES  ('17892','Fournier','Lydi','0754896358','08/02/2000');
  INSERT INTO VOYAGEUR  (NUM_VOYAGEUR,NOM,PRENOM,TEL,DATE_NAI) VALUES  ('17548','Olive','Vincent','0678485130','11/12/2000');
  INSERT INTO VOYAGEUR  (NUM_VOYAGEUR,NOM,PRENOM,TEL,DATE_NAI) VALUES  ('17468','Nicolas','Lea','0758464875','14/10/1990');
  INSERT INTO VOYAGEUR  (NUM_VOYAGEUR,NOM,PRENOM,TEL,DATE_NAI) VALUES  ('17632','Denis','Guillaume','0658748750','04/08/2002');
  INSERT INTO VOYAGEUR  (NUM_VOYAGEUR,NOM,PRENOM,TEL,DATE_NAI) VALUES  ('18945','Goudard','Evaline','0745890411','01/01/1990');
  INSERT INTO VOYAGEUR  (NUM_VOYAGEUR,NOM,PRENOM,TEL,DATE_NAI) VALUES  ('18231','Durand','Doriane','0721548973','08/09/2001');
  INSERT INTO VOYAGEUR  (NUM_VOYAGEUR,NOM,PRENOM,TEL,DATE_NAI) VALUES  ('18546','Lemaire','Rayane','0654821300','11/05/2000');
  INSERT INTO VOYAGEUR  (NUM_VOYAGEUR,NOM,PRENOM,TEL,DATE_NAI) VALUES  ('19454','Barbier','Eric','0612897403','14/07/1998');
  INSERT INTO VOYAGEUR  (NUM_VOYAGEUR,NOM,PRENOM,TEL,DATE_NAI) VALUES  ('19320','Poulin','Colin','0654079823','14/05/1974');
  INSERT INTO VOYAGEUR  (NUM_VOYAGEUR,NOM,PRENOM,TEL,DATE_NAI) VALUES  ('19321','Pascal','Rayane','0644946823','12/11/1988');
  INSERT INTO VOYAGEUR  (NUM_VOYAGEUR,NOM,PRENOM,TEL,DATE_NAI) VALUES  ('17540','Olivie','Vincent','0678486370','11/01/1997');
  INSERT INTO VOYAGEUR  (NUM_VOYAGEUR,NOM,PRENOM,TEL,DATE_NAI) VALUES  ('19322','Thom','Rayane','0644944290','01/11/1998');


    /*============================================================================
   ============ Remplissage de la table Gare ==================================
   ============================================================================*/


  INSERT INTO GARE  (IDGARE,NOMGARE,VILLEGARE,ADRESS) VALUES  ('10545','GARE DU NORD','MONTPELLIER','21 RUE JEAN MOULIN');
  INSERT INTO GARE  (IDGARE,NOMGARE,VILLEGARE,ADRESS) VALUES  ('10247','GARE ALBERT','GRENOBLE',NULL);
  INSERT INTO GARE  (IDGARE,NOMGARE,VILLEGARE,ADRESS) VALUES  ('10457','GARE DE TOURS','TOURS','48 AVENUE D''ORSAY');
  INSERT INTO GARE  (IDGARE,NOMGARE,VILLEGARE,ADRESS) VALUES  ('10345','GARE D''AUBER','PARIS','75009 PARIS');
  INSERT INTO GARE  (IDGARE,NOMGARE,VILLEGARE,ADRESS) VALUES  ('10786','GARE DE BOULAINVILLIERS','PARIS','52 RUE DES VIGNES');
  INSERT INTO GARE  (IDGARE,NOMGARE,VILLEGARE,ADRESS) VALUES  ('10975','GARE COLOMIERS','TOULOUSE','PLACE DE LA GARE 31770');
  INSERT INTO GARE  (IDGARE,NOMGARE,VILLEGARE,ADRESS) VALUES  ('10074','GARE DIJON PORTE NEUVE','DIJON','21000 DIJON');
  INSERT INTO GARE  (IDGARE,NOMGARE,VILLEGARE,ADRESS) VALUES  ('18059','Gare d''Ambérieu-en-Bugey','AIN','Place de la Gare 01500');
  INSERT INTO GARE  (IDGARE,NOMGARE,VILLEGARE,ADRESS) VALUES  ('18056','Gare du Champ de Mars - Tour Eiffel','Paris','Quai Branly 75007 Paris');
  INSERT INTO GARE  (IDGARE,NOMGARE,VILLEGARE,ADRESS) VALUES  ('18096','Gare de Paris-Montparnasse','Paris','Place Raoul-Dautry 75015 Paris');


  /*============================================================================
  ============ Remplissage de la table CHAUFFEUR==============================
  ============================================================================*/

  INSERT INTO CHAUFFEUR VALUES  ('C8157','Martin','Louis');
  INSERT INTO CHAUFFEUR VALUES  ('C8257','Bernard','Louise');
  INSERT INTO CHAUFFEUR VALUES  ('C8357','Martin','Faure');
  INSERT INTO CHAUFFEUR VALUES  ('C8457','Robert','Martin');
  INSERT INTO CHAUFFEUR VALUES  ('C8557','Michel','Arnaud');
  INSERT INTO CHAUFFEUR VALUES  ('C8657','Enzo','Philippe');
  INSERT INTO CHAUFFEUR VALUES  ('C8757','Robert','Martin');
  INSERT INTO CHAUFFEUR VALUES  ('C8857','Rolland','Jessy');
  INSERT INTO CHAUFFEUR VALUES  ('C8957','Rey','Louis');
  INSERT INTO CHAUFFEUR VALUES  ('C9957','Thomas','Alban');


  /*============================================================================
  ============ Remplissage de la table OBJET  ============================= 
  ============================================================================*/


  INSERT INTO OBJET  VALUES  ('14237','CLES','CLES_O.png','Trouve');
  INSERT INTO OBJET  VALUES  ('14247','VALISE ROUGE','VALISE_R.png','Non trouve');
  INSERT INTO OBJET  VALUES  ('14258','SACOCHE PAPIER',NULL,'Non trouve');
  INSERT INTO OBJET  VALUES  ('14268','CARTE IDENTITE','CARTE_ID.png','Trouve');
  INSERT INTO OBJET  VALUES  ('14279','CARTABLE','CARTABLE.png','Trouve');
  INSERT INTO OBJET  VALUES  ('14289','PORTE MONNAIE',NULL,'Trouve');
  INSERT INTO OBJET  VALUES  ('10545','APPAREIL PHOTO',NULL,'Non trouve');
  INSERT INTO OBJET  VALUES  ('14291','VESTE','VESTE.png','Non trouve');
  INSERT INTO OBJET  VALUES  ('14292','GUITARE','GUITARE.png','Non trouve');
  INSERT INTO OBJET  VALUES  ('14300','PORTABLE','PORTABLE.png','Non trouve');
  INSERT INTO OBJET  VALUES  ('15292','PC','HP.png','Trouve');

    /* ============================================================================
    ============ Remplissage de la table Horaire ===============================
    ============================================================================*/
  INSERT INTO HORAIRE  (HEURE_jOUR_DEP) VALUES  ('15/02/2021 11:30:00');
  INSERT INTO HORAIRE  (HEURE_jOUR_DEP) VALUES  ('12/02/2021 17:00:15');
  INSERT INTO HORAIRE  (HEURE_jOUR_DEP) VALUES  ('14/02/2021 13:40:00');
  INSERT INTO HORAIRE  (HEURE_jOUR_DEP) VALUES  ('06/02/2021 21:20:01');
  INSERT INTO HORAIRE  (HEURE_jOUR_DEP) VALUES  ('13/02/2021 17:30:00');
  INSERT INTO HORAIRE  (HEURE_jOUR_DEP) VALUES  ('18/02/2021 17:30:00');
  INSERT INTO HORAIRE  (HEURE_jOUR_DEP) VALUES  ('20/02/2021 15:45:12');
  INSERT INTO HORAIRE  (HEURE_jOUR_DEP) VALUES  ('23/02/2021 08:11:20');
  INSERT INTO HORAIRE  (HEURE_jOUR_DEP) VALUES  ('06/02/2021 14:34:45');
  INSERT INTO HORAIRE  (HEURE_jOUR_DEP) VALUES  ('12/02/2021 23:00:00');
  INSERT INTO HORAIRE  (HEURE_jOUR_DEP) VALUES  ('13/12/2021 23:21:07');
  INSERT INTO HORAIRE  (HEURE_jOUR_DEP) VALUES  ('11/11/2021 04:12:30');
  INSERT INTO HORAIRE  (HEURE_jOUR_DEP) VALUES  ('03/05/2021 22:05:00');
  INSERT INTO HORAIRE  (HEURE_jOUR_DEP) VALUES  ('24/07/2021 18:02:50');
  INSERT INTO HORAIRE  (HEURE_jOUR_DEP) VALUES  ('12/08/2021 20:05:01');



  /*============================================================================
  ============ Remplissage de la table VOYAGE=================================
  ============================================================================*/

  INSERT INTO VOYAGE VALUES  ('17892','10000','10074','10545','15/02/2021 11:30:00');
  INSERT INTO VOYAGE VALUES  ('17468','10210','10786','10247','18/02/2021 17:30:00');
  INSERT INTO VOYAGE VALUES  ('17548','10565','18056','10457','13/12/2021 23:21:07');
  INSERT INTO VOYAGE VALUES  ('17548','10565','10457','10345','11/11/2021 04:12:30');
  INSERT INTO VOYAGE VALUES  ('19454','10565','10975','18056','03/05/2021 22:05:00');
  INSERT INTO VOYAGE VALUES  ('18231','10565','18056','10457','24/07/2021 18:02:50');
  INSERT INTO VOYAGE VALUES  ('18945','10423','10457','10345','12/08/2021 20:05:01');
  INSERT INTO VOYAGE VALUES  ('18231','10245','18056','18096','13/02/2021 17:30:00');
  INSERT INTO VOYAGE VALUES  ('18546','10567','10545','18059','06/02/2021 14:34:45');
  INSERT INTO VOYAGE VALUES  ('18546','10567','18059','10545','15/02/2021 11:30:00');
  INSERT INTO VOYAGE VALUES  ('19454','10566','10345','10074','06/02/2021 14:34:45');
  INSERT INTO VOYAGE VALUES  ('19454','10566','10457','10074','12/02/2021 23:00:00');
  INSERT INTO VOYAGE VALUES  ('19321','10321','10786','18056','12/02/2021 23:00:00');
  INSERT INTO VOYAGE VALUES  ('19320','10210','18056','10975','12/02/2021 23:00:00');
  INSERT INTO VOYAGE VALUES  ('19320','10210','18056','10975','13/12/2021 23:21:07');
  INSERT INTO VOYAGE VALUES  ('17632','10478','10545','10786','06/02/2021 14:34:45');
  INSERT INTO VOYAGE VALUES  ('17632','10478','18056','10786','13/02/2021 17:30:00');
  INSERT INTO VOYAGE VALUES  ('17632','10478','10545','10457','15/02/2021 11:30:00');
  INSERT INTO VOYAGE VALUES  ('17632','10478','10457','18056','18/02/2021 17:30:00');



  /*============================================================================
  ============ Remplissage de la table FAIT_UNE_DECLARATION_O=================
  ============================================================================*/

  INSERT INTO FAIT_UNE_DECLARATION_O  VALUES  ('14237','17892','12/02/2021');
  INSERT INTO FAIT_UNE_DECLARATION_O  VALUES  ('15292','17892','12/02/2021');
  INSERT INTO FAIT_UNE_DECLARATION_O  VALUES  ('14289','17468','09/02/2021');
  INSERT INTO FAIT_UNE_DECLARATION_O  VALUES  ('14279','17468','09/02/2021');
  INSERT INTO FAIT_UNE_DECLARATION_O  VALUES  ('14268','17468','09/02/2021');
  INSERT INTO FAIT_UNE_DECLARATION_O  VALUES  ('10545','19454','01/03/2021');
  INSERT INTO FAIT_UNE_DECLARATION_O  VALUES  ('14289','18546','17/02/2021');
  INSERT INTO FAIT_UNE_DECLARATION_O  VALUES  ('14279','19454','23/02/2021');
  INSERT INTO FAIT_UNE_DECLARATION_O  VALUES  ('14268','19321','20/02/2021');
  INSERT INTO FAIT_UNE_DECLARATION_O  VALUES  ('14258','19320','07/02/2021');
  INSERT INTO FAIT_UNE_DECLARATION_O  VALUES  ('14300','17632','17/02/2021');



  /*============================================================================
  ============ Remplissage de la table CONDUIT =================
  ============================================================================*/

  INSERT INTO CONDUIT VALUES ('10000','C8157','14/02/2021 13:40:00');
  INSERT INTO CONDUIT VALUES ('10101','C8257','15/02/2021 11:30:00');
  INSERT INTO CONDUIT VALUES('10210','C8357','13/02/2021 17:30:00');
  INSERT INTO CONDUIT VALUES('10101','C8457','12/02/2021 17:00:15');
  INSERT INTO CONDUIT VALUES('10000','C8157','15/02/2021 11:30:00');
  INSERT INTO CONDUIT VALUES('10565','C8657','06/02/2021 14:34:45');
  INSERT INTO CONDUIT VALUES('10101','C8457','12/02/2021 23:00:00');
  INSERT INTO CONDUIT VALUES('10566','C8757','23/02/2021 08:11:20');
  INSERT INTO CONDUIT VALUES('10000','C8157','12/06/2021 19:00:15');
  INSERT INTO CONDUIT VALUES('10567','C8857','14/02/2021 13:40:00');
  INSERT INTO CONDUIT VALUES('10567','C8857','14/03/2021 15:40:00');
  INSERT INTO CONDUIT VALUES('10478','C8957','06/02/2021 14:34:45');




     /*--------------------------------------------Requêtes--------------------------------------------------------------------*/
   
 /*
   1)- Requêtes avec group by :
   Donner le nombre de voyages effectuer par chaque voyageurs (nom ,prenom) par ordre descendant 
   */

   SELECT V.NUM_VOYAGEUR, NOM, PRENOM, COUNT(*) AS Nombre_Voyage FROM VOYAGE v
   JOIN VOYAGEUR ON V.NUM_VOYAGEUR = VOYAGEUR.NUM_VOYAGEUR 
   GROUP BY V.NUM_VOYAGEUR, NOM, PRENOM
   ORDER BY Nombre_Voyage DESC;

  /* Quels sont les voyageurs  (nom et prenom ) ayant effectuer le plus de voyage  (de TRAINS) ?  (cumul) */

  SELECT NOM,PRENOM, COUNT(*) FROM VOYAGEUR,VOYAGE 
   WHERE  (VOYAGEUR.NUM_VOYAGEUR=VOYAGE.NUM_VOYAGEUR) 
   GROUP BY VOYAGEUR.NUM_VOYAGEUR,NOM,PRENOM
   HAVING COUNT (*) >= ALL  (SELECT COUNT (*) FROM VOYAGE GROUP BY VOYAGE.NUM_VOYAGEUR);

   
  /* Quels sont les voyageurs  (nom et prenom ) ayant perdu le plus d'objet?  (cumul) */

   SELECT NOM,PRENOM,NUM_VOYAGEUR FROM VOYAGEUR
   WHERE  NUM_VOYAGEUR IN (SELECT NUM_VOYAGEUR FROM FAIT_UNE_DECLARATION_O 
   GROUP BY NUM_VOYAGEUR
   HAVING COUNT(*) = (SELECT MAX(COUNT(*)) FROM FAIT_UNE_DECLARATION_O GROUP BY NUM_VOYAGEUR));
/*




  /* 2)- Requête (s) avec une sous requête:

   ===> Existe t'il des homonymes  (NUM_VOYAGEUR, PRENOM) parmi les Voyageurs ?

   ======= *1)- Avec une partition :===================== */

   SELECT NUM_VOYAGEUR,PRENOM FROM VOYAGEUR 
   WHERE PRENOM IN  (SELECT PRENOM FROM VOYAGEUR GROUP BY PRENOM HAVING COUNT (*)>1)
   ORDER BY PRENOM;

   /*======= *2)- Avec une sous requête corrélée :=============== */

  SELECT V1.NUM_VOYAGEUR,V1.PRENOM FROM VOYAGEUR V1 
  WHERE EXISTS 
  (SELECT * FROM VOYAGEUR V2 WHERE  (V1.NUM_VOYAGEUR<>V2.NUM_VOYAGEUR) AND  (V1.PRENOM=V2.PRENOM))
  ORDER BY PRENOM;

  /*
   3)- Requête (s) avec une sous requête corrélée :

         ===> 

   4)- Requête (s) utilisant une division :

   ===> Quels sont les déclarations pour lequels tout les objets ont été retrouver ?
   */

  SELECT F1.NUM_VOYAGEUR, F1.DATE_D, count(*) AS "Nombre objet perdu puis trouve" FROM FAIT_UNE_DECLARATION_O F1
  WHERE NOT EXISTS 
            (SELECT * FROM OBJET O
            WHERE ETAT_OBJET = 'Trouve'
            AND NOT EXISTS(
              SELECT * FROM FAIT_UNE_DECLARATION_O F2
                WHERE F2.NUM_VOYAGEUR = F1.NUM_VOYAGEUR
                AND F2.DATE_D = F1.DATE_D
                AND (F1.NUM_OBJET <> F2.NUM_OBJET)
            ))
            GROUP BY F1.NUM_VOYAGEUR, F1.DATE_D 
            ORDER BY NUM_VOYAGEUR;


/* 5)   ===> Exist-il un voyageur qui n'as fait aucune déclaration ? (Avec un NOT IN )
*/

   SELECT NOM,PRENOM FROM VOYAGEUR
    WHERE NUM_VOYAGEUR NOT IN (SELECT NUM_VOYAGEUR FROM FAIT_UNE_DECLARATION_O);

    /* ==> avec une rêquete corrélée : */

   SELECT NOM,PRENOM, V1.NUM_VOYAGEUR FROM VOYAGEUR V1 
   WHERE NOT EXISTS 
    (SELECT D.NUM_VOYAGEUR FROM FAIT_UNE_DECLARATION_O D 
            WHERE D.NUM_VOYAGEUR = V1.NUM_VOYAGEUR);


 






   



